{"train/loss": 4.6776, "train/grad_norm": NaN, "train/learning_rate": 2.0000000000000002e-07, "train/epoch": 0.0008813096261043911, "train/global_step": 10, "_timestamp": 1725908883.284683, "_runtime": 209.20037698745728, "_step": 1, "_wandb": {"runtime": 241}}