{"train/loss": 1.8433, "train/grad_norm": 0.35328763723373413, "train/learning_rate": 0.0, "train/epoch": 0.22032862013693424, "train/global_step": 10000, "_timestamp": 1726059615.125269, "_runtime": 50802.481750011444, "_step": 2000, "train_runtime": 50803.8688, "train_samples_per_second": 6.299, "train_steps_per_second": 0.197, "total_flos": 2.32427922709136e+19, "train_loss": 1.8468533589363099, "_wandb": {"runtime": 50802}}