{"train/loss": 2.0966, "train/grad_norm": 0.25, "train/learning_rate": 4.0000000000000003e-07, "train/epoch": 0.0017626192522087823, "train/global_step": 20, "_timestamp": 1725920906.137603, "_runtime": 391.86805415153503, "_step": 3, "_wandb": {"runtime": 420}}