{"train/loss": 1.2882, "train/grad_norm": 0.33266252279281616, "train/learning_rate": 1.3173333333333333e-05, "train/epoch": 0.12677464383319972, "train/global_step": 10240, "_timestamp": 1727831743.94791, "_runtime": 1404.6683230400085, "_step": 47, "_wandb": {"runtime": 1430}}