{"train/loss": 1.8075, "train/grad_norm": 0.19708238542079926, "train/learning_rate": 0.0, "train/epoch": 0.22032862013693424, "train/global_step": 10000, "_timestamp": 1726261532.181652, "_runtime": 54898.03516411781, "_step": 2000, "train_runtime": 54899.357, "train_samples_per_second": 5.829, "train_steps_per_second": 0.182, "total_flos": 2.32427922709136e+19, "train_loss": 1.8091044992446899, "_wandb": {"runtime": 54898}}