{"train_runtime": 66.6911, "train_samples_per_second": 0.48, "train_steps_per_second": 0.03, "total_flos": 0.0, "train_loss": 1.9308267831802368, "train/epoch": 4.4065724027386845e-05, "train/global_step": 2, "_timestamp": 1726713839.3554945, "_runtime": 65.46728348731995, "_step": 0, "_wandb": {"runtime": 65}}