{"train_runtime": 67.443, "train_samples_per_second": 0.474, "train_steps_per_second": 0.03, "total_flos": 0.0, "train_loss": 1.9307533502578735, "train/epoch": 4.4065724027386845e-05, "train/global_step": 2, "_timestamp": 1726714309.5577917, "_runtime": 66.22864961624146, "_step": 0, "_wandb": {"runtime": 83}}