{"train/loss": 0.0, "train/grad_norm": NaN, "train/learning_rate": 1.976e-05, "train/epoch": 0.0013219753616841967, "train/global_step": 120, "_timestamp": 1727166830.6038241, "_runtime": 652.2748901844025, "_step": 23, "_wandb": {"runtime": 667}}