{"train/loss": 1.9513, "train/grad_norm": 0.40849897265434265, "train/learning_rate": 1.9994000000000002e-05, "train/epoch": 0.0006609858604108027, "train/global_step": 30, "_timestamp": 1726714664.3357522, "_runtime": 151.06298923492432, "_step": 5, "_wandb": {"runtime": 157}}