{"train/loss": 1.1804, "train/grad_norm": 0.38551342487335205, "train/learning_rate": 1.3243333333333334e-05, "train/epoch": 0.12547470852045695, "train/global_step": 10135, "_timestamp": 1727821074.2719564, "_runtime": 803.1830093860626, "_step": 26}