{"train/loss": 1.8433, "train/grad_norm": 0.3465065360069275, "train/learning_rate": 0.0, "train/epoch": 0.22032862013693424, "train/global_step": 10000, "_timestamp": 1726769278.2624428, "_runtime": 54520.72334980965, "_step": 2000, "train_runtime": 54522.3117, "train_samples_per_second": 5.869, "train_steps_per_second": 0.183, "total_flos": 0.0, "train_loss": 1.8467912196159362, "_wandb": {"runtime": 54537}}