{"train/loss": 1.8258, "train/grad_norm": 0.37460047006607056, "train/learning_rate": 0.0, "train/epoch": 0.22032862013693424, "train/global_step": 10000, "_timestamp": 1726518941.7604115, "_runtime": 52429.771802425385, "_step": 2000, "train_runtime": 52431.2736, "train_samples_per_second": 6.103, "train_steps_per_second": 0.191, "total_flos": 2.32427922709136e+19, "train_loss": 1.842512314605713, "_wandb": {"runtime": 52430}}