{"train/loss": 1.9469, "train/grad_norm": 0.19921875, "train/learning_rate": 8.330404217926187e-06, "train/epoch": 1.9984164687252575, "train/global_step": 1262, "_timestamp": 1725801717.2891862, "_runtime": 25304.148638248444, "_step": 252, "train_runtime": 25305.3969, "train_samples_per_second": 1.597, "train_steps_per_second": 0.05, "total_flos": 1.5857857596867215e+18, "train_loss": 1.9708962183557863, "_wandb": {"runtime": 25304}}