{
    "1": [
        2.0750179290771484,
        1.9469760656356812
    ],
    "2": [
        2.300596237182617,
        2.1453962326049805
    ],
    "3": [
        2.2861318588256836,
        2.1429049968719482
    ],
    "4": [
        2.2422893047332764,
        2.0879464149475098
    ],
    "5": [
        2.228029251098633,
        2.038590908050537
    ],
    "6": [
        2.2337424755096436,
        2.0042569637298584
    ],
    "7": [
        2.23136305809021,
        2.0222461223602295
    ],
    "8": [
        2.218604326248169,
        2.0168352127075195
    ],
    "9": [
        2.220240831375122,
        2.0534520149230957
    ],
    "10": [
        2.2234911918640137,
        2.0370490550994873
    ],
    "avg": {
        "1": 2.010996997356415,
        "2": 2.222996234893799,
        "3": 2.214518427848816,
        "4": 2.165117859840393,
        "5": 2.133310079574585,
        "6": 2.118999719619751,
        "7": 2.1268045902252197,
        "8": 2.1177197694778442,
        "9": 2.136846423149109,
        "10": 2.1302701234817505
    },
    "num_samples": 2
}