{"train/loss": 0.0, "train/grad_norm": NaN, "train/learning_rate": 1.2000000000000002e-06, "train/epoch": 0.005287857756626347, "train/global_step": 60, "_timestamp": 1725870440.6610386, "_runtime": 1223.363552570343, "_step": 11, "_wandb": {"runtime": 1246}}