{"train/loss": 1.9773, "train/grad_norm": 0.4409180283546448, "train/learning_rate": 1.9980000000000002e-05, "train/epoch": 0.00022032862013693423, "train/global_step": 10, "_timestamp": 1725955515.774732, "_runtime": 51.061501026153564, "_step": 1, "_wandb": {"runtime": 59}}