{"train/loss": 0.0, "train/grad_norm": NaN, "train/learning_rate": 1.0120000000000001e-05, "train/epoch": 0.05442131905599943, "train/global_step": 4940, "_timestamp": 1727199492.9507327, "_runtime": 29007.237154722214, "_step": 987, "_wandb": {"runtime": 29012}}