{"train/loss": 1.4256, "train/grad_norm": 0.2529265582561493, "train/learning_rate": 1.9950000000000004e-05, "train/epoch": 0.00027541153368420765, "train/global_step": 25, "_timestamp": 1727199950.2732348, "_runtime": 152.8177568912506, "_step": 4}