{"train_runtime": 68.2884, "train_samples_per_second": 0.469, "train_steps_per_second": 0.029, "total_flos": 0.0, "train_loss": 8.72658634185791, "train/epoch": 4.4065724027386845e-05, "train/global_step": 2, "_timestamp": 1726710444.6684902, "_runtime": 67.09421825408936, "_step": 0, "_wandb": {"runtime": 67}}