{"train_runtime": 67.6761, "train_samples_per_second": 0.473, "train_steps_per_second": 0.03, "total_flos": 0.0, "train_loss": 1.9306904077529907, "train/epoch": 4.4065724027386845e-05, "train/global_step": 2, "_timestamp": 1726714182.0317624, "_runtime": 66.45793032646179, "_step": 0, "_wandb": {"runtime": 66}}