{"train/loss": 1.2144, "train/grad_norm": 0.37547624111175537, "train/learning_rate": 0.0, "train/epoch": 0.11016461347368305, "train/global_step": 10000, "_timestamp": 1727282197.1982012, "_runtime": 60386.03422307968, "_step": 2000, "train_runtime": 60387.3789, "train_samples_per_second": 5.299, "train_steps_per_second": 0.166, "total_flos": 2.5029861146257e+19, "train_loss": 1.2517918297290802, "_wandb": {"runtime": 60385}}