{"train/loss": 2.5335, "train/grad_norm": 1.296875, "train/learning_rate": 1.0000000000000001e-07, "train/epoch": 0.00044065481305219557, "train/global_step": 5, "_timestamp": 1725916341.0027196, "_runtime": 105.43191456794739, "_step": 0}